Time;NOK;USD;DKK;PLN;SEK
1,2;0,89386641;0,096852594;0,871424055;0,340227864;0,178033861
1,21;0,894802203;0,100241511;0,872168923;0,348804887;0,185903958
1,22;0,895738704;0,103611526;0,87304067;0,357631461;0,193694318
1,23;0,896667335;0,10695566;0,874031259;0,366698068;0,201396802
1,24;0,897579523;0,110266937;0,875132658;0,37599519;0,209003274
1,25;0,898466691;0,113538378;0,87633683;0,385513307;0,216505596
1,26;0,899320265;0,116763006;0,87763574;0,395242902;0,22389563
1,27;0,900131668;0,119933843;0,879021355;0,405174456;0,231165239
1,28;0,900892327;0,123043912;0,880485639;0,41529845;0,238306285
1,29;0,901593665;0,126086234;0,882020558;0,425605365;0,245310632
1,3;0,902227106;0,129053832;0,883618076;0,436085685;0,252170142
1,31;0,902784077;0,131939729;0,885270159;0,446729889;0,258876677
1,32;0,903256001;0,134736946;0,886968772;0,45752846;0,2654221
1,33;0,903634303;0,137438506;0,88870588;0,468471878;0,271798273
1,34;0,903910408;0,140037432;0,890473449;0,479550626;0,277997059
1,35;0,90407574;0,142526745;0,892263443;0,490755186;0,284010321
1,36;0,904121724;0,144899468;0,894067828;0,502076037;0,289829921
1,37;0,904039785;0,147148624;0,895878568;0,513503663;0,295447722
1,38;0,903867466;0,149331348;0,89776214;0,525055548;0,300882004
1,39;0,903848352;0,151787186;0,900114854;0,536874683;0,30627336
1,4;0,903957235;0,154475736;0,902894026;0,548954232;0,311615064
1,41;0,90412006;0,157288246;0,905977714;0,561259297;0,316872885
1,42;0,904262771;0,160115959;0,909243976;0,57375498;0,322012591
1,43;0,904311313;0,162850121;0,912570874;0,586406384;0,326999951
1,44;0,904191632;0,165381979;0,915836464;0,599178611;0,331800733
1,45;0,903829672;0,167602776;0,918918806;0,612036764;0,336380707
1,46;0,903151378;0,169403759;0,92169596;0,624945944;0,340705641
1,47;0,902087154;0,170676024;0,924050476;0,637884362;0,34474289
1,48;0,900916328;0,171337739;0,926232705;0,651793669;0,348585752
1,49;0,899806362;0,171432098;0,928431203;0,667091788;0,352293207
1,5;0,898709582;0,171032855;0,93062759;0,683526691;0,355848729
1,51;0,897578317;0,170213764;0,932803488;0,700846346;0,359235791
1,52;0,896364892;0,169048582;0,934940515;0,718798726;0,362437869
1,53;0,895021635;0,167611061;0,937020292;0,737131801;0,365438435
1,54;0,893500874;0,165974957;0,939024438;0,755593542;0,368220963
1,55;0,891754934;0,164214025;0,940934575;0,773931919;0,370768926
1,56;0,889736143;0,162402018;0,942732322;0,791894903;0,3730658
1,57;0,887396829;0,160612692;0,9443993;0,809230464;0,375095057
1,58;0,884689317;0,158919802;0,945917127;0,825686574;0,376840171
1,59;0,881565936;0,157397101;0,947267425;0,841011203;0,378284616
1,6;0,877979012;0,156118344;0,948431813;0,854952321;0,379411866
1,61;0,873880871;0,155157287;0,949391912;0,8672579;0,380205394
1,62;0,869223842;0,154587683;0,950129342;0,877675909;0,380648674
1,63;0,863831531;0,154356567;0,950596636;0,886137215;0,380583474
1,64;0,856980834;0,153778888;0,95062871;0,893591145;0,379221818
1,65;0,848742977;0,152805541;0,950249178;0,900234325;0,376606831
1,66;0,839328676;0,151514309;0,949513833;0,906092044;0,372932098
1,67;0,828948643;0,149982977;0,948478468;0,911189588;0,368391203
1,68;0,817813593;0,148289327;0,947198875;0,915552244;0,363177733
1,69;0,806134238;0,146511145;0,945730847;0,9192053;0,357485271
1,7;0,794121293;0,144726213;0,944130175;0,922174043;0,351507404
1,71;0,781985472;0,143012315;0,942452652;0,92448376;0,345437717
1,72;0,769937487;0,141447236;0,94075407;0,926159738;0,339469794
1,73;0,758188053;0,140108758;0,939090223;0,927227264;0,33379722
1,74;0,746947884;0,139074665;0,937516901;0,927711626;0,328613582
1,75;0,736427693;0,138422741;0,936089898;0,927638111;0,324112464
1,76;0,726838193;0,138230771;0,934865006;0,927032005;0,32048745
1,77;0,718390099;0,138576536;0,933898018;0,925918597;0,317932127
1,78;0,711294125;0,139537822;0,933244725;0,924323172;0,31664008
1,79;0,704779726;0,140682372;0,932783458;0,921795497;0,316034592
1,8;0,697551432;0,141363864;0,932268943;0,917767055;0,315082616
1,81;0,689894944;0,141799126;0,931721722;0,91253115;0,313961266
1,82;0,682116236;0,142215782;0,93116588;0,906391514;0,312863375
1,83;0,674521282;0,142841457;0,930625501;0,899651881;0,311981775
1,84;0,667416057;0,143903774;0,930124669;0,892615982;0,311509299
1,85;0,661106534;0,14563036;0,929687467;0,885587551;0,31163878
1,86;0,65589869;0,148248839;0,929337979;0,87887032;0,312563051
1,87;0,652098497;0,151986835;0,92910029;0,872768021;0,314474945
1,88;0,649916589;0,157003847;0,928987393;0,867304;0,317542229
1,89;0,64894458;0,16300878;0,928947243;0,861029743;0,321706096
1,9;0,64902942;0,169880128;0,92896831;0,853789932;0,326875574
1,91;0,650097584;0,177552294;0,92904909;0,845701869;0,332973507
1,92;0,652075551;0,185959681;0,929188075;0,836882857;0,339922739
1,93;0,654889797;0,195036691;0,92938376;0,827450198;0,347646114
1,94;0,658466799;0,204717728;0,92963464;0,817521194;0,356066476
1,95;0,662733035;0,214937194;0,929939208;0,807213148;0,365106668
1,96;0,667614982;0,225629493;0,930295958;0,796643361;0,374689536
1,97;0,673039116;0,236729026;0,930703385;0,785929136;0,384737922
1,98;0,678931915;0,248170198;0,931159982;0,775187776;0,395174671
1,99;0,685219856;0,25988741;0,931664244;0,764536583;0,405922627
2;0,691829417;0,271815066;0,932214665;0,754092859;0,416904634
2,01;0,698687073;0,283887568;0,932809739;0,743973906;0,428043535
2,02;0,705719303;0,29603932;0,93344796;0,734297026;0,439262174
2,03;0,712852584;0,308204724;0,934127822;0,725179523;0,450483397
2,04;0,720013392;0,320318183;0,934847819;0,716738698;0,461630045
2,05;0,727128205;0,3323141;0,935606446;0,709091853;0,472624964
2,06;0,734123499;0,344126877;0,936402196;0,702356292;0,483390998
2,07;0,740925753;0,355690919;0,937233564;0,696649315;0,493850989
2,08;0,747461442;0,366940627;0,938099044;0,692088226;0,503927783
2,09;0,753657045;0,377810404;0,938997129;0,688790327;0,513544224
2,1;0,760092487;0,389084438;0,939966856;0,687366702;0,523234463
2,11;0,768742879;0,403309602;0,941127698;0,689166419;0,534848067
2,12;0,778863882;0,4194332;0,942422932;0,69309803;0,547702946
2,13;0,78945417;0,436065579;0,943779566;0,697859047;0,560877138
2,14;0,799512417;0,451817089;0,94512461;0,702146983;0,573448685
2,15;0,808037295;0,465298077;0,946385072;0,704659352;0,584495623
2,16;0,814317329;0,475508276;0,94752427;0,704465426;0,593380585
2,17;0,820656063;0,485518184;0,948860247;0,704511294;0,602400723
2,18;0,827680763;0,496186545;0,950455821;0,705612364;0,612156607
2,19;0,835270901;0,507371739;0,952275381;0,707626952;0,62250925
2,2;0,843305949;0,518932142;0,954283316;0,710413377;0,633319669
2,21;0,851665377;0,530726134;0,956444015;0,713829958;0,644448876
2,22;0,860228658;0,542612092;0,958721866;0,717735012;0,655757887
2,23;0,868875261;0,554448394;0,961081257;0,721986858;0,667107715
2,24;0,877484659;0,566093418;0,963486578;0,726443814;0,678359376
2,25;0,885936322;0,577405543;0,965902216;0,730964199;0,689373883
2,26;0,894109722;0,588243145;0,96829256;0,735406329;0,700012252
2,27;0,901884329;0,598464604;0,970621999;0,739628525;0,710135495
2,28;0,909139617;0,607928297;0,972854922;0,743489103;0,719604629
2,29;0,915755054;0,616492602;0,974955716;0,746846382;0,728280667
2,3;0,921610113;0,624015898;0,976888771;0,749558681;0,736024623
2,31;0,926584266;0,630356562;0,978618475;0,751484317;0,742697513
2,32;0,930556982;0,635372972;0,980109216;0,752481609;0,748160349
2,33;0,933407734;0,638923506;0,981325384;0,752408875;0,752274148
2,34;0,935015992;0,640866543;0,982231366;0,751124433;0,754899923
2,35;0,93521548;0,640970206;0,982853598;0,748485015;0,755843436
2,36;0,933842098;0,638918284;0,983401018;0,744472882;0,754904165
2,37;0,931043863;0,634902263;0,983885331;0,739234041;0,752247675
2,38;0,926992102;0,629154898;0,984296503;0,732921987;0,748067207
2,39;0,92185814;0,621908942;0,984624502;0,725690215;0,742556002
2,4;0,915813304;0,61339715;0,984859293;0,717692221;0,735907301
2,41;0,90902892;0,603852274;0,984990845;0,709081499;0,728314344
2,42;0,901676314;0,593507068;0,985009122;0,700011545;0,719970374
2,43;0,893926813;0,582594286;0,984904094;0,690635854;0,711068631
2,44;0,885951742;0,571346681;0,984665725;0,681107922;0,701802357
2,45;0,877922428;0,559997008;0,984283984;0,671581244;0,692364792
2,46;0,870010197;0,548778019;0,983748836;0,662209314;0,682949177
2,47;0,862386375;0,537922469;0,983050249;0,653145629;0,673748755
2,48;0,855222289;0,527663111;0,982178189;0,644543684;0,664956765
2,49;0,848689264;0,518232698;0,981122623;0,636556974;0,65676645
2,5;0,842958628;0,509863985;0,979873518;0,629338994;0,64937105
2,51;0,837295296;0,501779819;0,978333998;0,622406488;0,64193347
2,52;0,830986077;0,493148965;0,976452885;0,615239358;0,633644451
2,53;0,824235137;0,484123052;0,974288693;0,607935838;0,62473899
2,54;0,817246641;0,474853709;0,971899937;0,60059416;0,615452085
2,55;0,810224753;0,465492566;0,96934513;0,593312557;0,60601873
2,56;0,803373639;0,45619125;0,966682789;0,586189262;0,596673924
2,57;0,796897464;0,447101392;0,963971427;0,579322508;0,587652662
2,58;0,791000393;0,43837462;0,961269558;0,572810527;0,579189942
2,59;0,785886591;0,430162563;0,958635697;0,566751553;0,571520759
2,6;0,781620544;0,422454992;0,956026977;0,561194501;0,564573951
2,61;0,777771635;0,414737496;0,953112256;0,555994355;0,557361683
2,62;0,774250562;0,406975964;0,949894766;0,551103302;0,549849702
2,63;0,771012474;0,399191491;0,946413784;0,546488208;0,542110157
2,64;0,76801252;0,391405176;0,942708589;0,542115936;0,534215196
2,65;0,765205846;0,383638115;0,93881846;0,537953349;0,526236967
2,66;0,762547601;0,375911405;0,934782674;0,533967311;0,518247619
2,67;0,759992932;0,368246145;0,930640511;0,530124687;0,510319299
2,68;0,757496989;0,360663429;0,926431248;0,526392339;0,502524156
2,69;0,755014919;0,353184357;0,922194164;0,522737131;0,494934339
2,7;0,752501869;0,345830025;0,917968538;0,519125928;0,487621995
2,71;0,749912989;0,33862153;0,913793646;0,515525593;0,480659272
2,72;0,747203425;0,33157997;0,909708769;0,511902989;0,47411832
2,73;0,744328326;0,32472644;0,905753184;0,508224981;0,468071286
2,74;0,74124284;0,31808204;0,90196617;0,504458432;0,462590318
2,75;0,737902116;0,311667865;0,898387004;0,500570207;0,457747565
2,76;0,734665373;0,30522244;0,894750404;0,496756094;0,453676438
2,77;0,731873824;0,298512612;0,890800074;0,493211794;0,450405453
2,78;0,729455599;0,291601966;0,886588773;0,489904034;0,447849419
2,79;0,727338826;0,284554085;0,882169261;0,486799542;0,445923148
2,8;0,725451638;0,277432554;0,877594299;0,483865044;0,444541446
2,81;0,723722163;0,270300955;0,872916646;0,481067268;0,443619125
2,82;0,722078533;0,263222872;0,868189061;0,478372942;0,443070993
2,83;0,720448877;0,256261889;0,863464305;0,475748793;0,44281186
2,84;0,718761326;0,249481591;0,858795138;0,473161549;0,442756534
2,85;0,71694401;0,242945559;0,854234319;0,470577936;0,442819825
2,86;0,714925059;0,236717379;0,849834608;0,467964683;0,442916543
2,87;0,712632604;0,230860634;0,845648766;0,465288516;0,442961496
2,88;0,709994774;0,225438908;0,841729551;0,462516164;0,442869494
2,89;0,706939701;0,220515784;0,838129724;0,459614353;0,442555347
2,9;0,703395513;0,216154846;0,834902044;0,456549811;0,441933863
2,91;0,699281713;0,212387177;0,832080426;0,45330851;0,440978515
2,92;0,694484926;0,208920003;0,829503416;0,450065458;0,440227964
2,93;0,689053567;0,205676487;0,827119862;0,446862447;0,439793038
2,94;0,683070064;0,202666583;0,82492737;0,443689318;0,439623914
2,95;0,676616848;0,199900246;0,822923547;0,440535911;0,439670771
2,96;0,669776348;0,197387429;0,821105997;0,437392068;0,439883785
2,97;0,662630994;0,195138085;0,819472328;0,434247628;0,440213135
2,98;0,655263214;0,193162168;0,818020145;0,431092434;0,440608998
2,99;0,64775544;0,191469632;0,816747055;0,427916325;0,44102155
3;0,6401901;0,19007043;0,815650664;0,424709142;0,441400971
3,01;0,632649624;0,188974517;0,814728578;0,421460727;0,441697436
3,02;0,625216442;0,188191846;0,813978402;0,418160919;0,441861124
3,03;0,617972983;0,187732371;0,813397744;0,414799559;0,441842213
3,04;0,611001677;0,187606045;0,812984209;0,411366488;0,441590879
3,05;0,604384952;0,187822822;0,812735404;0,407851548;0,441057301
3,06;0,59820524;0,188392656;0,812648934;0,404244578;0,440191655
3,07;0,592544969;0,1893255;0,812722406;0,400535419;0,438944119
3,08;0,587486569;0,190631309;0,812953426;0,396713912;0,437264872
3,09;0,58311247;0,192320036;0,813339599;0,392769898;0,435104089
3,1;0,57935654;0,194406133;0,814036302;0,388695146;0,43243453
3,11;0,575718909;0,196904839;0,815575202;0,384496905;0,429332457
3,12;0,572175906;0,199801911;0,817879447;0,380188241;0,425847565
3,13;0,568756076;0,203080869;0,820812238;0,375782069;0,422023613
3,14;0,565487967;0,206725232;0,824236777;0,371291302;0,41790436
3,15;0,562400127;0,21071852;0,828016266;0,366728853;0,413533564
3,16;0,559521102;0,215044251;0,832013906;0,362107636;0,408954985
3,17;0,55687944;0,219685945;0,836092899;0,357440565;0,40421238
3,18;0,554503688;0,224627122;0,840116446;0,352740552;0,399349509
3,19;0,552422392;0,2298513;0,843947748;0,348020512;0,394410131
3,2;0,550664101;0,235341998;0,847450008;0,343293358;0,389438003
3,21;0,54925736;0,241082737;0,850486427;0,338572003;0,384476886
3,22;0,548230718;0,247057035;0,852920207;0,333869361;0,379570537
3,23;0,54761272;0,253248412;0,854614548;0,329198345;0,374762715
3,24;0,547431916;0,259640387;0,855432653;0,32457187;0,37009718
3,25;0,54771685;0,266216478;0,855237722;0,320002848;0,36561769
3,26;0,548838926;0,272839431;0,854882553;0,31552328;0,360521268
3,27;0,550927375;0,279457278;0,855051127;0,311122187;0,354315002
3,28;0,553647488;0,286181473;0,855353423;0,306748008;0,347507749
3,29;0,556664556;0,29312347;0,855399422;0,302349183;0,340608365
3,3;0,559643872;0,300394721;0,854799103;0,297874152;0,334125706
3,31;0,562250727;0,308106681;0,853162447;0,293271356;0,328568627
3,32;0,564594675;0,316548023;0,850218282;0,288473954;0,323940362
3,33;0,567552847;0,326119542;0,846136415;0,283436741;0,319267866
3,34;0,571083917;0,336673464;0,84106215;0,278191204;0,314527008
3,35;0,575099767;0,34803939;0,835133082;0,272771416;0,309744816
3,36;0,579512276;0,360046919;0,828486808;0,267211453;0,304948322
3,37;0,584233326;0,37252565;0,821260923;0,26154539;0,300164553
3,38;0,589174797;0,385305183;0,813593023;0,255807301;0,295420541
3,39;0,594248569;0,398215118;0,805620704;0,250031261;0,290743316
3,4;0,599366523;0,411085055;0,79748156;0,244251345;0,286159905
3,41;0,60444054;0,423744593;0,789313188;0,238501628;0,281697341
3,42;0,6093825;0,436023331;0,781253184;0,232816185;0,277382651
3,43;0,614104284;0,447750869;0,773439143;0,22722909;0,273242867
3,44;0,618517773;0,458756808;0,76600866;0,221774419;0,269305017
3,45;0,622534847;0,468870745;0,759099332;0,216486246;0,265596132
3,46;0,626067386;0,477922282;0,752848753;0,211398647;0,26214324
3,47;0,629036128;0,485752088;0,747382272;0,20654234;0,258974216
3,48;0,632035956;0,493077504;0,741885742;0,201694186;0,256162758
3,49;0,635380588;0,500371054;0,735911558;0,19674253;0,253698374
3,5;0,638945102;0,507577541;0,72961447;0,191742874;0,251517757
3,51;0,642604576;0,51464177;0,723149227;0,18675072;0,249557597
3,52;0,646234091;0,521508545;0,716670578;0,181821571;0,247754585
3,53;0,649708723;0,52812267;0,710333271;0,177010929;0,246045412
3,54;0,652903553;0,534428951;0,704292055;0,172374295;0,24436677
3,55;0,655693659;0,540372191;0,698701679;0,167967172;0,242655348
3,56;0,657954119;0,545897195;0,693716891;0,163845062;0,240847839
3,57;0,659681109;0,550888739;0,689323905;0,159988116;0,239020223
3,58;0,661119159;0,555219137;0,685173792;0,156237432;0,237464831
3,59;0,662299175;0,558970459;0,681224793;0,152581562;0,236163203
3,6;0,663240108;0,562232962;0,677452002;0,149016814;0,235081713
3,61;0,663960909;0,565096901;0,673830515;0,145539495;0,234186734
3,62;0,664480529;0,567652534;0,670335427;0,142145914;0,233444639
3,63;0,664817918;0,569990115;0,666941833;0,138832377;0,232821803
3,64;0,664992026;0,572199902;0,663624829;0,135595193;0,232284599
3,65;0,665021805;0,574372149;0,660359508;0,132430669;0,231799399
3,66;0,664926205;0,576597114;0,657120966;0,129335113;0,231332579
3,67;0,664724176;0,578965052;0,653884299;0,126304833;0,23085051
3,68;0,66443467;0,58156622;0,650624601;0,123336136;0,230319568
3,69;0,664076637;0,584490874;0,647316968;0,120425331;0,229706124
3,7;0,663669027;0,587829269;0,643936495;0,117568724;0,228976553
3,71;0,663230791;0,591671662;0,640458276;0,114762624;0,228097228
3,72;0,662779871;0,596105456;0,636860309;0,11200189;0,227035711
3,73;0,662254556;0,600973516;0,633342076;0,109175116;0,225860436
3,74;0,661616606;0,606123216;0,630012808;0,106229407;0,224635052
3,75;0,660876158;0,611526595;0,626838376;0,103186031;0,223370747
3,76;0,660043348;0,617155691;0,623784653;0,100066254;0,22207871
3,77;0,659128315;0,622982543;0,620817508;0,09689134;0,220770129
3,78;0,658141193;0,62897919;0,617902812;0,093682556;0,219456194
3,79;0,657092122;0,635117669;0,615006438;0,090461168;0,218148093
3,8;0,655991236;0,64137002;0,612094256;0,087248441;0,216857015
3,81;0,654848675;0,647708281;0,609132136;0,084065642;0,215594148
3,82;0,653674573;0,654104491;0,606085951;0,080934036;0,214370681
3,83;0,652479068;0,660530688;0,602921572;0,07787489;0,213197803
3,84;0,651272298;0,66695891;0,599604868;0,074909469;0,212086703
3,85;0,650064399;0,673361197;0,596101713;0,072059039;0,211048568
3,86;0,648865507;0,679709587;0,592377975;0,069344866;0,210094589
3,87;0,64768576;0,685976118;0,588399528;0,066788215;0,209235953
3,88;0,646535295;0,692132829;0,584132241;0,064410353;0,208483849
3,89;0,645424249;0,698151759;0,579541987;0,062232546;0,207849466
3,9;0,644362758;0,704004946;0,574594635;0,060276059;0,207343993
3,91;0,64336096;0,709664428;0,569256057;0,058562158;0,206978617
3,92;0,642428992;0,715102245;0,563492125;0,057112109;0,206764529
3,93;0,641576989;0,720290434;0,557268709;0,055947179;0,206712917
3,94;0,64081509;0,725201034;0,55055168;0,055088632;0,206834968
3,95;0,640153431;0,729806085;0,54330691;0,054557735;0,207141873
3,96;0,639602149;0,734077623;0,535500269;0,054375754;0,20764482
3,97;0,63917438;0,737989763;0,527092554;0,054563422;0,208359076
3,98;0,639098077;0,7416798;0,517689709;0,055092533;0,209593607
3,99;0,639463866;0,74523572;0,507157738;0,055925296;0,211475005
4;0,640205734;0,748645958;0,495633131;0,057045167;0,213917607
4,01;0,641257664;0,75189895;0,483252376;0,058435598;0,216835746
4,02;0,642553641;0,754983132;0,470151964;0,060080043;0,220143759
4,03;0,64402765;0,757886939;0,456468384;0,061961957;0,22375598
4,04;0,645613676;0,760598807;0,442338126;0,064064792;0,227586746
4,05;0,647245702;0,763107171;0,42789768;0,066372002;0,231550391
4,06;0,648857715;0,765400468;0,413283534;0,068867042;0,235561251
4,07;0,650383698;0,767467132;0,39863218;0,071533365;0,239533662
4,08;0,651757637;0,769295599;0,384080106;0,074354425;0,243381957
4,09;0,652913516;0,770874306;0,369763802;0,077313675;0,247020474
4,1;0,653785319;0,772191687;0,355819759;0,080394569;0,250363547
4,11;0,654307032;0,773236179;0,342384464;0,083580562;0,253325511
4,12;0,654412639;0,773996216;0,329594409;0,086855106;0,255820703
4,13;0,654036125;0,774460235;0,317586083;0,090201656;0,257763456
4,14;0,653111474;0,774616671;0,306495975;0,093603665;0,259068107
4,15;0,651572672;0,774453959;0,296460575;0,097044587;0,259648991
4,16;0,649334531;0,773904859;0,287564091;0,100577406;0,259440051
4,17;0,64620195;0,772447684;0,279343294;0,104855391;0,258611069
4,18;0,642266743;0,770128021;0,271630238;0,10988781;0,25728116
4,19;0,637688679;0,767160866;0,264391116;0,11547914;0,255525444
4,2;0,632627526;0,763761212;0,257592122;0,121433857;0,253419037
4,21;0,627243053;0,760144057;0,25119945;0,127556436;0,25103706
4,22;0,621695027;0,756524394;0,245179292;0,133651354;0,24845463
4,23;0,616143216;0,753117219;0,239497844;0,139523087;0,245746865
4,24;0,610747391;0,750137527;0,234121298;0,144976111;0,242988884
4,25;0,605667317;0,747800312;0,229015849;0,149814902;0,240255806
4,26;0,600280695;0,745685786;0,224682696;0,154398954;0,237113245
4,27;0,593940782;0,743265123;0,221555822;0,159193087;0,233144351
4,28;0,586770686;0,74058977;0,219500594;0,164159768;0,228450547
4,29;0,578893513;0,737711171;0,218382382;0,169261464;0,223133258
4,3;0,570432368;0,734680771;0,218066552;0,17446064;0,217293907
4,31;0,56151036;0,731550017;0,218418472;0,179719765;0,211033918
4,32;0,552250595;0,728370352;0,21930351;0,185001305;0,204454715
4,33;0,542776179;0,725193223;0,220587034;0,190267725;0,19765772
4,34;0,533210219;0,722070075;0,222134411;0,195481494;0,190744358
4,35;0,523675822;0,719052353;0,22381101;0,200605076;0,183816052
4,36;0,514296094;0,716191502;0,225482197;0,20560094;0,176974226
4,37;0,505194142;0,713538968;0,227013342;0,210431552;0,170320304
4,38;0,496493072;0,711146196;0,228269811;0,215059378;0,163955709
4,39;0,488315992;0,70906463;0,229116972;0,219446884;0,157981865
4,4;0,480786007;0,707345718;0,229420194;0,223556539;0,152500195
4,41;0,473914566;0,706009696;0,229169811;0,227159484;0,147449017
4,42;0,466709897;0,704769853;0,229474804;0,228551225;0,141370297
4,43;0,459137258;0,703554663;0,230364898;0,228145767;0,134339933
4,44;0,451482678;0,702376757;0,231509955;0,226957025;0,126916666
4,45;0,444032186;0,701248763;0,232579839;0,225998912;0,119659242
4,46;0,437071812;0,700183314;0,233244412;0,226285344;0,113126403
4,47;0,430881941;0,699191629;0,233178566;0,228805429;0,10786395
4,48;0,425244498;0,698177646;0,232525815;0,23243306;0,103304108
4,49;0,419904182;0,697090487;0,23153945;0,236117997;0,098887637
4,5;0,414843393;0,695949236;0,230275717;0,239901327;0,094618741
4,51;0,410044532;0,694772973;0,228790865;0,243824132;0,090501621
4,52;0,40549;0,69358078;0,227141138;0,247927499;0,08654048
4,53;0,401162197;0,692391739;0,225382785;0,252252513;0,082739519
4,54;0,397043525;0,691224931;0,223572052;0,256840257;0,079102941
4,55;0,393116384;0,690099439;0,221765185;0,261731817;0,075634948
4,56;0,389363175;0,689034343;0,220018432;0,266968278;0,072339742
4,57;0,3857663;0,688048727;0,218388038;0,272590724;0,069221526
4,58;0,382308158;0,68716167;0,216930252;0,27864024;0,0662845
4,59;0,378971151;0,686392255;0,215701319;0,285157912;0,063532869
4,6;0,375737679;0,685759564;0,214757486;0,292184823;0,060970833
4,61;0,372590144;0,685282678;0,214155001;0,299762059;0,058602594
4,62;0,369510947;0,684980679;0,213950109;0,307930705;0,056432356
4,63;0,366482159;0,684822252;0,214193395;0,31684893;0,054459033
4,64;0,36349658;0,684536966;0,214865092;0,327165822;0,052653696
4,65;0,360567898;0,684126408;0,215908369;0,338798034;0,051011652
4,66;0,357711502;0,683643993;0,217267387;0,351534635;0,049533338
4,67;0,354942779;0,683143135;0,218886306;0,365164691;0,048219192
4,68;0,35227712;0,682677248;0,220709287;0,379477272;0,047069649
4,69;0,349729913;0,682299746;0,222680491;0,394261443;0,046085146
4,7;0,347316549;0,682064044;0,22474408;0,409306275;0,045266122
4,71;0,345052415;0,682023556;0,226844213;0,424400833;0,044613013
4,72;0,3429529;0,682231696;0,228925052;0,439334186;0,044126255
4,73;0,341033395;0,682741878;0,230930758;0,453895403;0,043806286
4,74;0,339309289;0,683607517;0,23280549;0,467873549;0,043653542
4,75;0,337795969;0,684882027;0,234493412;0,481057694;0,043668461
4,76;0,336508826;0,686618823;0,235938682;0,493236905;0,04385148
4,77;0,335463248;0,688871318;0,237085462;0,504200251;0,044203034
4,78;0,334674625;0,691692926;0,237877913;0,513736798;0,044723563
4,79;0,334047966;0,694903712;0,238544025;0,522690552;0,045257638
4,8;0,333444403;0,698181824;0,23945932;0,53247267;0,045619321
4,81;0,332913587;0,701569433;0,240538946;0,542796379;0,045910956
4,82;0,332507515;0,705113456;0,241692166;0,553353123;0,04623834
4,83;0,332278185;0,708860809;0,242828245;0,563834347;0,046707272
4,84;0,332277594;0,712858408;0,243856447;0,573931494;0,047423549
4,85;0,332557741;0,717153169;0,244686035;0,58333601;0,04849297
4,86;0,333170623;0,72179201;0,245226275;0,591739338;0,050021333
4,87;0,334168237;0,726821845;0,245386429;0,598832923;0,052114435
4,88;0,335634313;0,732422142;0,245119135;0,604383078;0,054857945
4,89;0,33776458;0,739349005;0,244632316;0,608688857;0,05817894
4,9;0,34052353;0,747561824;0,243976804;0,611921344;0,062015039
4,91;0,343838738;0,756877873;0,24316433;0,614194355;0,066317552
4,92;0,347637782;0,767114426;0,242206623;0,615621703;0,071037791
4,93;0,351848238;0,778088755;0,241115413;0,616317204;0,076127066
4,94;0,356397682;0,789618132;0,239902429;0,616394671;0,081536689
4,95;0,361213691;0,801519832;0,238579401;0,615967918;0,08721797
4,96;0,366223841;0,813611127;0,23715806;0,615150761;0,093122223
4,97;0,371355708;0,82570929;0,235650134;0,614057014;0,099200756
4,98;0,37653687;0,837631594;0,234067353;0,612800491;0,105404882
4,99;0,381694902;0,849195312;0,232421447;0,611495006;0,111685911
5;0,386757382;0,860217717;0,230724146;0,610254374;0,117995155
5,01;0,391651884;0,870516083;0,22898718;0,60919241;0,124283926
5,02;0,396305987;0,879907681;0,227222278;0,608422927;0,130503533
5,03;0,400647265;0,888209786;0,225441169;0,608059741;0,136605289
5,04;0,404603296;0,895239669;0,223655585;0,608216665;0,142540504
5,05;0,408101657;0,900814605;0,221877253;0,609007514;0,14826049
5,06;0,411069923;0,904751866;0,220117904;0,610546102;0,153716558
5,07;0,413608169;0,907154781;0,218355859;0,61277736;0,159005107
5,08;0,416098181;0,908658426;0,216517471;0,615324979;0,164449821
5,09;0,418549795;0,909341708;0,214603569;0,618134143;0,170052473
5,1;0,420954347;0,909254169;0,212618618;0,621167226;0,175799072
5,11;0,423303172;0,908445354;0,210567083;0,624386602;0,181675632
5,12;0,425587606;0,906964804;0,208453429;0,627754644;0,187668163
5,13;0,427798985;0,904862062;0,206282121;0,631233726;0,193762677
5,14;0,429928642;0,902186673;0,204057625;0,63478622;0,199945187
5,15;0,431967915;0,898988177;0,201784405;0,638374501;0,206201704
5,16;0,433908138;0,895316119;0,199466927;0,641960942;0,212518239
5,17;0,435740646;0,891220041;0,197109655;0,645507915;0,218880805
5,18;0,437456776;0,886749486;0,194717055;0,648977796;0,225275413
5,19;0,439047862;0,881953997;0,192293591;0,652332956;0,231688075
5,2;0,44050524;0,876883117;0,18984373;0,655535769;0,238104802
5,21;0,441820245;0,871586388;0,187371935;0,65854861;0,244511606
5,22;0,442984212;0,866113354;0,184882673;0,66133385;0,2508945
5,23;0,443988478;0,860513558;0,182380408;0,663853864;0,257239494
5,24;0,444824376;0,854836542;0,179869605;0,666071025;0,2635326
5,25;0,445483244;0,849131849;0,177354729;0,667947707;0,269759831
5,26;0,445956416;0,843449022;0,174840246;0,669446282;0,275907198
5,27;0,446235227;0,837837605;0,17233062;0,670529125;0,281960712
5,28;0,446311013;0,83234714;0,169830317;0,671158608;0,287906385
5,29;0,445761294;0,826547886;0,1673209;0,670825178;0,294088329
5,3;0,444093341;0,819823708;0,164770023;0,66898536;0,30095178
5,31;0,441587352;0,812379923;0,162181073;0,666009597;0,308301427
5,32;0,438532745;0,804432063;0,159557904;0,662279053;0,315934162
5,33;0,435218941;0,796195659;0,15690437;0,658174891;0,323646874
5,34;0,43193536;0,787886244;0,154224325;0,654078275;0,331236455
5,35;0,42897142;0,779719349;0,151521623;0,65037037;0,338499793
5,36;0,426616543;0,771910505;0,148800116;0,647432339;0,34523378
5,37;0,425160148;0,764675246;0,146063661;0,645645346;0,351235306
5,38;0,424716758;0,758102362;0,143282309;0,6450565;0,356522182
5,39;0,424420398;0,751570906;0,140268776;0,643944066;0,362248289
5,4;0,424114653;0,744975352;0,137022918;0,642103263;0,36851186
5,41;0,423806229;0,738328463;0,133579687;0,63965241;0,375193703
5,42;0,423501828;0,731643004;0,129974035;0,636709831;0,382174625
5,43;0,423208153;0,724931737;0,126240915;0,633393846;0,389335435
5,44;0,422931909;0,718207428;0,122415279;0,629822777;0,396556941
5,45;0,422679798;0,711482841;0,118532078;0,626114945;0,403719951
5,46;0,422458525;0,704770739;0,114626265;0,622388672;0,410705273
5,47;0,422274792;0,698083886;0,110732792;0,618762278;0,417393715
5,48;0,422135303;0,691435046;0,106886612;0,615354087;0,423666086
5,49;0,422046762;0,684836984;0,103122676;0,612282418;0,429403192
5,5;0,422015872;0,678302463;0,099475936;0,609665593;0,434485843
5,51;0,422049337;0,671844248;0,095981345;0,607621935;0,438794845
5,52;0,42215386;0,665475102;0,092673854;0,606269763;0,442211009
5,53;0,422336144;0,65920779;0,089588417;0,6057274;0,44461514
5,54;0,42308017;0,652744813;0,086461677;0,606841125;0,445745168
5,55;0,42488235;0,645750977;0,082953424;0,610264815;0,445559405
5,56;0,42729946;0,638481109;0,079262219;0,615070768;0,444454827
5,57;0,429877336;0,631197021;0,075593153;0,620313655;0,442832684
5,58;0,432161813;0,624160522;0,072151317;0,625048148;0,441094224
5,59;0,433698726;0,617633421;0,069141805;0,628328917;0,439640697
5,6;0,434381018;0,611640082;0,066616011;0,630074899;0,438416542
5,61;0,435240457;0,605459385;0,064120483;0,632919725;0,4359994
5,62;0,436349061;0,599067671;0,06162604;0,636959955;0,432390854
5,63;0,437663517;0,592521963;0,059154539;0,641998553;0,427751293
5,64;0,439140515;0,585879286;0,056727835;0,647838485;0,422241107
5,65;0,440736742;0,579196662;0,054367785;0,654282713;0,416020685
5,66;0,442408887;0,572531115;0,052096243;0,661134202;0,409250416
5,67;0,444113637;0,565939668;0,049935067;0,668195917;0,40209069
5,68;0,445807681;0,559479344;0,047906111;0,67527082;0,394701897
5,69;0,447447708;0,553207168;0,046031231;0,682161877;0,387244424
5,7;0,448990404;0,547180161;0,044332284;0,688672052;0,379878662
5,71;0,45039246;0,541455348;0,042831126;0,694604308;0,372765
5,72;0,451610562;0,536089752;0,041549611;0,699761609;0,366063828
5,73;0,452601399;0,531140395;0,040509597;0,703946921;0,359935534
5,74;0,45332166;0,526664302;0,039732938;0,706963206;0,354540508
5,75;0,453728032;0,522718496;0,039241491;0,70861343;0,35003914
5,76;0,453576608;0,519149842;0,039119743;0,708930418;0,345779125
5,77;0,452760274;0,515776985;0,039390327;0,708205645;0,341095606
5,78;0,451440905;0,512614618;0,039982321;0,706630046;0,33613014
5,79;0,449780376;0,509677435;0,040824801;0,704394559;0,331024285
5,8;0,447940564;0,506980129;0,041846842;0,701690118;0,325919599
5,81;0,446083344;0,504537392;0,042977521;0,69870766;0,320957639
5,82;0,444370591;0,50236392;0,044145915;0,695638121;0,316279965
5,83;0,442964181;0,500474404;0,045281099;0,692672436;0,312028132
5,84;0,44202599;0,498883538;0,046312151;0,690001542;0,308343701
5,85;0,441614797;0,497585542;0,047300347;0,687583802;0,305283543
5,86;0,441421122;0,496517766;0,048678221;0,684671809;0,302594481
5,87;0,44138397;0,495686731;0,0504366;0,681231066;0,300218223
5,88;0,441475;0,495106307;0,052519058;0,677307397;0,298122898
5,89;0,441665872;0,494790364;0,05486917;0,67294663;0,296276636
5,9;0,441928246;0,494752772;0,05743051;0,66819459;0,294647566
5,91;0,442233782;0,495007403;0,060146653;0,663097103;0,293203819
5,92;0,442554141;0,495568128;0,062961171;0,657699996;0,291913523
5,93;0,442860983;0,496448815;0,065817641;0,652049095;0,290744809
5,94;0,443125966;0,497663337;0,068659635;0,646190226;0,289665806
5,95;0,443320753;0,499225563;0,071430729;0,640169214;0,288644644
5,96;0,443417002;0,501149365;0,074074497;0,634031887;0,287649452
5,97;0,443386374;0,503448612;0,076534513;0,62782407;0,28664836
5,98;0,443200529;0,506137175;0,078754351;0,621591589;0,285609497
5,99;0,442831126;0,509228925;0,080677585;0,615380271;0,284500994
6;0,442249826;0,512737733;0,082247791;0,609235942;0,28329098
6,01;0,44142829;0,516677469;0,083408541;0,603204427;0,281947585
6,02;0,440338176;0,521062003;0,084103412;0,597331554;0,280438937
6,03;0,438951146;0,525905206;0,084275975;0,591663147;0,278733168
6,04;0,436968766;0,531755462;0,083948302;0,585575205;0,276579548
6,05;0,434036376;0,539318778;0,083244572;0,578156971;0,27369497
6,06;0,430296511;0,548349759;0,082204701;0,569627296;0,270208461
6,07;0,425897678;0,558591396;0,080867247;0,560219184;0,266253949
6,08;0,420988387;0,56978668;0,07927077;0,550165642;0,26196536
6,09;0,415717143;0,581678601;0,077453831;0,539699677;0,257476622
6,1;0,410232456;0,59401015;0,075454988;0,529054294;0,252921662
6,11;0,404682833;0,606524318;0,073312803;0,5184625;0,248434406
6,12;0,399216782;0,618964096;0,071065833;0,508157302;0,244148782
6,13;0,393982811;0,631072474;0,06875264;0,498371705;0,240198717
6,14;0,389129427;0,642592442;0,066411783;0,489338716;0,236718137
6,15;0,384805138;0,653266993;0,064081821;0,481291341;0,233840969
6,16;0,381158453;0,662839116;0,061801315;0,474462586;0,231701142
6,17;0,378337878;0,671051802;0,059608824;0,469085458;0,23043258
6,18;0,376491923;0,677648042;0,057542907;0,465392963;0,230169213
6,19;0,375729491;0,682424216;0,055616026;0,463563021;0,231024358
6,2;0,375310232;0,686361486;0,05331892;0,462572596;0,232632873
6,21;0,374965004;0,689904664;0,050547018;0,46200528;0,23478413
6,22;0,374774758;0,693040947;0,047440138;0,461924543;0,237436506
6,23;0,374820449;0,695757535;0,044138097;0,462393857;0,240548381
6,24;0,375183027;0,698041625;0,040780713;0,463476694;0,244078132
6,25;0,375943445;0,699880415;0,037507803;0,465236524;0,247984138
6,26;0,377182656;0,701261105;0,034459185;0,46773682;0,252224778
6,27;0,378981612;0,702170891;0,031774676;0,471041052;0,256758429
6,28;0,381421265;0,702596972;0,029594094;0,475212692;0,26154347
6,29;0,3848785;0,702023716;0,02769703;0,481043652;0,267154113
6,3;0,389747371;0,69977388;0,025597054;0,489505279;0,274417771
6,31;0,395845961;0,696055876;0,023336713;0,5002475;0,283115989
6,32;0,40298561;0,691088984;0,02096567;0,512904252;0,293017247
6,33;0,41097766;0,685092483;0,018533588;0,527109476;0,303890027
6,34;0,419633453;0,67828565;0,016090132;0,542497111;0,315502809
6,35;0,428764329;0,670887765;0,013684963;0,558701097;0,327624075
6,36;0,438181631;0,663118108;0,011367747;0,575355372;0,340022305
6,37;0,447696698;0,655195956;0,009188146;0,592093876;0,35246598
6,38;0,457120872;0,647340588;0,007195823;0,608550549;0,364723582
6,39;0,466265495;0,639771284;0,005440441;0,62435933;0,376563591
6,4;0,474941908;0,632707323;0,003971665;0,639154158;0,387754488
6,41;0,482961453;0,626367982;0,002839158;0,652568974;0,398064754
6,42;0,490135469;0,620972541;0,002092582;0,664237715;0,407262871
6,43;0,496275299;0,616740279;0,001781602;0,673794322;0,415117319
6,44;0,501242164;0,613882768;0,001960373;0,680945241;0,421422242
6,45;0,505970037;0,612320881;0,002734949;0,687020538;0,426612347
6,46;0,510807153;0,611756071;0,004047715;0,692658152;0,431040779
6,47;0,515661928;0,611912757;0,005785338;0,69787982;0,434866301
6,48;0,520442781;0,612515358;0,007834488;0,702707279;0,438247678
6,49;0,52505813;0,613288292;0,010081835;0,707162266;0,441343673
6,5;0,529416392;0,613955976;0,012414046;0,71126652;0,444313052
6,51;0,533425985;0,61424283;0,014717791;0,715041777;0,447314577
6,52;0,536995326;0,613873272;0,01687974;0,718509776;0,450507014
6,53;0,540032834;0,612571719;0,018786561;0,721692252;0,454049126
6,54;0,542518346;0,610812257;0,020658276;0,724053081;0,457561878
6,55;0,544547435;0,609611011;0,022944435;0,724837941;0,460318309
6,56;0,546155041;0,608875132;0,025593376;0,72424778;0,462415764
6,57;0,547374971;0,608496908;0,028546782;0,722495431;0,463962431
6,58;0,548241032;0,608368625;0,031746332;0,719793722;0,465066499
6,59;0,54878703;0,608382573;0,035133708;0,716355487;0,465836157
6,6;0,549046774;0,608431038;0,038650589;0,712393555;0,466379593
6,61;0,549054069;0,608406309;0,042238658;0,708120758;0,466804996
6,62;0,548842724;0,608200673;0,045839594;0,703749928;0,467220554
6,63;0,548446544;0,607706418;0,049395078;0,699493894;0,467734456
6,64;0,547899338;0,606815832;0,052846792;0,695565488;0,46845489
6,65;0,547234912;0,605421202;0,056136415;0,692177542;0,469490046
6,66;0,546487074;0,603414817;0,059205628;0,689542886;0,470948111
6,67;0,54568963;0,600688964;0,061996113;0,687874351;0,472937275
6,68;0,544876388;0,59713593;0,06444955;0,687384769;0,475565725
6,69;0,544065734;0,592632436;0,066516026;0,688254182;0,47893412
6,7;0,542955016;0,586805252;0,068342453;0,689904605;0,482937025
6,71;0,541448957;0,579674454;0,070016799;0,692011949;0,487448016
6,72;0,539592065;0,571427947;0,071558681;0,694522197;0,492391194
6,73;0,537428846;0,562253639;0,072987717;0,697381332;0,497690655
6,74;0,53500381;0,552339432;0,074323523;0,700535337;0,5032705
6,75;0,532361462;0,541873233;0,075585718;0,703930195;0,509054827
6,76;0,529546312;0,531042948;0,076793919;0,70751189;0,514967734
6,77;0,526602866;0,520036481;0,077967743;0,711226403;0,520933321
6,78;0,523575633;0,509041737;0,079126808;0,715019718;0,526875685
6,79;0,52050912;0,498246623;0,080290731;0,718837818;0,532718925
6,8;0,517447835;0,487839043;0,081479129;0,722626686;0,53838714
6,81;0,514436284;0,478006903;0,082711621;0,726332305;0,543804429
6,82;0,511518977;0,468938107;0,084007823;0,729900658;0,548894891
6,83;0,508740421;0,460820562;0,085387353;0,733277727;0,553582623
6,84;0,506145123;0,453842173;0,086869829;0,736409497;0,557791725
6,85;0,503537082;0,447886193;0,088381768;0,739466595;0,561497482
6,86;0,500142732;0,441950732;0,089622883;0,743177901;0,564877188
6,87;0,496111365;0,436015703;0,090646176;0,747433201;0,568008131
6,88;0,491683452;0,430168333;0,09153977;0,75203812;0,570952409
6,89;0,48709946;0,424495851;0,092391788;0,756798281;0,573772119
6,9;0,482599858;0,419085484;0,093290355;0,76151931;0,576529358
6,91;0,478425116;0,414024461;0,094323592;0,766006829;0,579286222
6,92;0,474815702;0,409400009;0,095579625;0,770066463;0,582104808
6,93;0,472012086;0,405299355;0,097146575;0,773503836;0,585047214
6,94;0,470225083;0,401820361;0,099114169;0,776139853;0,588159436
6,95;0,468975409;0,39924063;0,101567735;0,778174472;0,591138211
6,96;0,468002107;0,397591568;0,104477389;0,779753261;0,593861867
6,97;0,467286826;0,396793217;0,107785121;0,780905206;0,596349607
6,98;0,466811214;0,396765618;0,111432921;0,781659292;0,598620634
6,99;0,46655692;0,397428813;0,11536278;0,782044503;0,60069415
7;0,466505593;0,398702843;0,119516689;0,782089826;0,602589358
7,01;0,466638882;0,40050775;0,123836638;0,781824245;0,604325461
7,02;0,466938436;0,402763574;0,128264617;0,781276745;0,605921662
7,03;0,467385904;0,405390358;0,132742617;0,780476312;0,607397162
7,04;0,467962935;0,408308142;0,137212629;0,779451931;0,608771166
7,05;0,468651177;0,411436968;0,141616643;0,778232587;0,610062875
7,06;0,469432279;0,414696877;0,145896649;0,776847266;0,611291493
7,07;0,47028789;0,41800791;0,149994638;0,775324952;0,612476222
7,08;0,47119966;0,42129011;0,153852601;0,77369463;0,613636264
7,09;0,472149237;0,424463517;0,157412528;0,771985287;0,614790824
7,1;0,473118269;0,427448173;0,16061641;0,770225906;0,615959102
7,11;0,474088406;0,430164118;0,163406237;0,768445474;0,617160303
7,12;0,475041297;0,432531395;0,165723999;0,766672975;0,618413628
7,13;0,47595859;0,434470045;0,167511688;0,764937395;0,619738281
7,14;0,476821935;0,435900109;0,168711293;0,763267719;0,621153464
7,15;0,47761298;0,436741629;0,169264805;0,761692932;0,62267838
7,16;0,478419336;0,43692173;0,16912239;0,760297151;0,624363468
7,17;0,480190025;0,436521025;0,168374765;0,759569606;0,626484374
7,18;0,482787608;0,435736074;0,167174571;0,759349534;0,628939997
7,19;0,485751516;0,434761641;0,165664829;0,759299153;0,631528052
7,2;0,488621181;0,43379249;0,163988562;0,75908068;0,634046252
7,21;0,490936035;0,433023386;0,16228879;0,758356332;0,636292311
7,22;0,492247378;0,432644847;0,160699712;0,756797275;0,638069025
7,23;0,493115061;0,432476409;0,158669173;0,754830597;0,639613143
7,24;0,494051411;0,432322239;0,155879019;0,752833469;0,641147849
7,25;0,495044397;0,432167779;0,152439204;0,750784992;0,642673139
7,26;0,496081987;0,43199847;0,148459684;0,748664269;0,644189007
7,27;0,497152148;0,431799754;0,144050414;0,746450399;0,645695451
7,28;0,498242848;0,431557073;0,139321352;0,744122485;0,647192466
7,29;0,499342056;0,431255868;0,134382452;0,741659629;0,648680047
7,3;0,50043774;0,430881581;0,129343669;0,73904093;0,650158191
7,31;0,501517866;0,430419652;0,124314961;0,736245492;0,651626893
7,32;0,502570404;0,429855525;0,119406282;0,733252415;0,65308615
7,33;0,503583322;0,42917464;0,114727588;0,7300408;0,654535956
7,34;0,504544587;0,428362439;0,110388834;0,72658975;0,655976308
7,35;0,505442167;0,427404364;0,106499977;0,722878365;0,657407201
7,36;0,506264031;0,426285855;0,103170973;0,718885747;0,658828631
7,37;0,506998145;0,424992355;0,100511776;0,714590998;0,660240595
7,38;0,507487479;0,423582322;0,098439965;0,709845217;0,661490613
7,39;0,506959123;0,422447894;0,095936636;0,70397088;0,661765831
7,4;0,505534929;0,421567271;0,0929843;0,697103713;0,661174437
7,41;0,503493874;0,420842149;0,089760669;0,689519817;0,659988426
7,42;0,501114934;0,42017422;0,086443453;0,681495296;0,658479794
7,43;0,498677087;0,41946518;0,083210367;0,67330625;0,656920536
7,44;0,496459308;0,418616722;0,08023912;0,665228782;0,655582649
7,45;0,494740574;0,417530542;0,077707425;0,657538994;0,654738128
7,46;0,493799863;0,416108333;0,075792995;0,650512988;0,654658968
7,47;0,493907104;0,414249701;0,07467095;0,644415619;0,65560827
7,48;0,494576923;0,411730995;0,074268752;0,63859418;0,657106955
7,49;0,49540228;0,40850719;0,074437649;0,632560566;0,658754466
7,5;0,496383935;0,404658412;0,0751266;0,626346617;0,660551507
7,51;0,497522647;0,40026479;0,076284563;0,619984171;0,66249878
7,52;0,498819176;0,395406452;0,077860494;0,61350507;0,664596988
7,53;0,500274279;0,390163524;0,07980335;0,606941152;0,666846836
7,54;0,501888717;0,384616136;0,082062091;0,600324259;0,669249027
7,55;0,50366325;0,378844415;0,084585672;0,593686228;0,671804263
7,56;0,505598635;0,372928488;0,087323051;0,587058901;0,674513248
7,57;0,507695634;0,366948484;0,090223186;0,580474118;0,677376686
7,58;0,509955004;0,36098453;0,093235034;0,573963717;0,680395279
7,59;0,512377505;0,355116754;0,096307553;0,567559539;0,683569731
7,6;0,514963897;0,349425285;0,0993897;0,561293423;0,686900746
7,61;0,517714938;0,343990249;0,102430432;0,55519721;0,690389026
7,62;0,520631389;0,338891775;0,105378707;0,549302739;0,694035275
7,63;0,523714008;0,33420999;0,108183482;0,54364185;0,697840196
7,64;0,526963555;0,330025022;0,110793715;0,538246383;0,701804492
7,65;0,530380788;0,326416999;0,113158364;0,533148178;0,705928867
7,66;0,533966468;0,323466049;0,115226384;0,528379074;0,710214025
7,67;0,537721353;0,3212523;0,116946735;0,523970912;0,714660667
7,68;0,541646204;0,31985588;0,118268373;0,519955531;0,719269499
7,69;0,545768996;0,319340486;0,119153664;0,516384811;0,724069064
7,7;0,550642289;0,319397104;0,119860291;0,51367665;0,729625463
7,71;0,556348265;0,319861637;0,12050575;0,511852455;0,736025994
7,72;0,562707229;0,320707884;0,12109182;0,510733537;0,743090413
7,73;0,569539484;0,321909647;0,121620277;0,510141204;0,75063848
7,74;0,576665334;0,323440726;0,122092899;0,509896765;0,758489952
7,75;0,583905084;0,325274921;0,122511466;0,50982153;0,766464585
7,76;0,591079036;0,327386034;0,122877755;0,509736808;0,774382139
7,77;0,598007495;0,329747864;0,123193543;0,509463907;0,782062371
7,78;0,604510766;0,332334212;0,123460608;0,508824137;0,789325038
7,79;0,610409151;0,335118879;0,12368073;0,507638808;0,795989898
7,8;0,615522955;0,338075665;0,123855684;0,505729228;0,80187671
7,81;0,619672482;0,341178372;0,123987251;0,502916707;0,80680523
7,82;0,623130732;0,34499256;0,124086041;0,499647024;0,81114216
7,83;0,62684777;0,350718186;0,124166835;0,497217671;0,816028286
7,84;0,630739123;0,357967554;0,124215736;0,495421814;0,821313228
7,85;0,634670494;0,366282718;0,124217687;0,493982208;0,826785512
7,86;0,638507582;0,375205732;0,124157632;0,492621608;0,832233659
7,87;0,642116087;0,384278651;0,124020517;0,491062768;0,837446195
7,88;0,645361712;0,393043531;0,123791286;0,489028443;0,842211643
7,89;0,648110157;0,401042424;0,123454883;0,486241388;0,846318527
7,9;0,650227122;0,407817386;0,122996252;0,482424357;0,849555371
7,91;0,651630588;0,413086191;0,122388972;0,477344337;0,851771529
7,92;0,652766799;0,418348433;0,121514147;0,471297477;0,853459899
7,93;0,653749049;0,423996946;0,120369277;0,464459956;0,854782785
7,94;0,654552539;0,429961704;0,118986512;0,456908106;0,855747777
7,95;0,655152469;0,436172684;0,117398;0,448718259;0,856362464
7,96;0,65552404;0,44255986;0,11563589;0,439966747;0,856634435
7,97;0,655642451;0,449053211;0,113732329;0,4307299;0,856571282
7,98;0,655482905;0,45558271;0,111719467;0,421084052;0,856180593
7,99;0,655020601;0,462078333;0,109629451;0,411105533;0,855469959
8;0,654230739;0,468470058;0,10749443;0,400870676;0,85444697
8,01;0,653088521;0,474687858;0,105346553;0,390455812;0,853119215
8,02;0,651569147;0,480661711;0,103217968;0,379937273;0,851494284
8,03;0,649647818;0,486321591;0,101140822;0,36939139;0,849579768
8,04;0,647299733;0,491597475;0,099147266;0,358894496;0,847383255
8,05;0,644500094;0,496419339;0,097269447;0,348522922;0,844912337
8,06;0,641224101;0,500717158;0,095539513;0,338352999;0,842174602
8,07;0,637446954;0,504420907;0,093989613;0,32846106;0,839177641
8,08;0,633143854;0,507460564;0,092651895;0,318923437;0,835929043
8,09;0,628290002;0,509766103;0,091558508;0,30981646;0,832436399
8,1;0,622688917;0,511123334;0,090637277;0,300922883;0,828491925
8,11;0,615755647;0,511039872;0,089534452;0,291247735;0,823362887
8,12;0,607593017;0,509659427;0,088258726;0,280833897;0,817133496
8,13;0,598370202;0,507183978;0,086856688;0,269831672;0,8099692
8,14;0,588256378;0,503815509;0,085374925;0,258391362;0,802035446
8,15;0,577420721;0,499756002;0,083860026;0,24666327;0,793497681
8,16;0,566032408;0,495207439;0,082358579;0,2347977;0,784521351
8,17;0,554260614;0,490371801;0,080917172;0,222944953;0,775271904
8,18;0,542274514;0,485451072;0,079582393;0,211255334;0,765914786
8,19;0,530243286;0,480647233;0,078400831;0,199879144;0,756615445
8,2;0,518336104;0,476162267;0,077419074;0,188966686;0,747539327
8,21;0,506722145;0,472198155;0,07668371;0,178668264;0,738851879
8,22;0,495570585;0,468956879;0,076241326;0,16913418;0,730718548
8,23;0,4850506;0,466640423;0,076138512;0,160514737;0,723304781
8,24;0,475331365;0,465450767;0,076421856;0,152960238;0,716776025
8,25;0,466582056;0,465589895;0,077137945;0,146620986;0,711297727
8,26;0,457707167;0,46655526;0,078274842;0,141223487;0,706379222
8,27;0,447744376;0,467737334;0,07976317;0,136384151;0,701469371
8,28;0,437062638;0,469177623;0,081563362;0,132088136;0,696642912
8,29;0,426030907;0,470917632;0,083635849;0,1283206;0,691974581
8,3;0,415018137;0,472998868;0,085941062;0,125066702;0,687539115
8,31;0,404393283;0,475462837;0,088439433;0,1223116;0,683411252
8,32;0,394525298;0,478351044;0,091091393;0,120040451;0,679665727
8,33;0,385783139;0,481704997;0,093857374;0,118238414;0,676377278
8,34;0,378535758;0,4855662;0,096697807;0,116890648;0,673620641
8,35;0,372832516;0,490179204;0,099690656;0,11612101;0,67146032
8,36;0,367672773;0,496241996;0,103225036;0,116393694;0,669874543
8,37;0,362937823;0,503631826;0,107274329;0,117649533;0,668805593
8,38;0,358615072;0,512147149;0,111768897;0,119777161;0,668196348
8,39;0,354691924;0,521586425;0,116639103;0,122665218;0,667989685
8,4;0,351155785;0,531748109;0,121815311;0,126202338;0,66812848
8,41;0,34799406;0,542430659;0,127227885;0,130277159;0,668555613
8,42;0,345194155;0,553432531;0,132807187;0,134778319;0,669213958
8,43;0,342743476;0,564552183;0,138483581;0,139594453;0,670046395
8,44;0,340629426;0,575588072;0,14418743;0,144614198;0,670995801
8,45;0,338839412;0,586338656;0,149849098;0,149726192;0,672005052
8,46;0,337360839;0,59660239;0,155398948;0,154819071;0,673017026
8,47;0,336181113;0,606177732;0,160767344;0,159781472;0,6739746
8,48;0,335287638;0,61486314;0,165884648;0,164502032;0,674820651
8,49;0,33466782;0,62245707;0,170681225;0,168869388;0,675498058
8,5;0,334309064;0,62875798;0,175087437;0,172772176;0,675949696
8,51;0,335364691;0,634656052;0,179075428;0,176796724;0,676822453
8,52;0,338642883;0,641036009;0,182723929;0,181502008;0,678647419
8,53;0,343613337;0,647688116;0,186123186;0,186735639;0,681193778
8,54;0,349745753;0,654402641;0,189363446;0,192345231;0,684230713
8,55;0,356509827;0,660969849;0,192534953;0,198178394;0,68752741
8,56;0,363375257;0,667180007;0,195727955;0,20408274;0,690853053
8,57;0,369811742;0,67282338;0,199032695;0,209905882;0,693976826
8,58;0,37528898;0,677690235;0,202539421;0,21549543;0,696667912
8,59;0,379276668;0,681570837;0,206338378;0,220698997;0,698695496
8,6;0,381694131;0,684396371;0,210545418;0,225459239;0,699929205
8,61;0,383931677;0,686590049;0,215268185;0,230060264;0,700650217
8,62;0,386131247;0,688221633;0,220431117;0,234559472;0,700961949
8,63;0,388285168;0,689315647;0,225945236;0,238984262;0,700938812
8,64;0,390385765;0,689896613;0,231721561;0,243362032;0,700655219
8,65;0,392425364;0,689989055;0,237671112;0,247720181;0,700185581
8,66;0,39439629;0,689617496;0,24370491;0,252086105;0,699604309
8,67;0,39629087;0,688806458;0,249733974;0,256487205;0,698985816
8,68;0,398101429;0,687580466;0,255669326;0,260950878;0,698404513
8,69;0,399820292;0,68596404;0,261421984;0,265504522;0,697934811
8,7;0,401439785;0,683981706;0,26690297;0,270175536;0,697651122
8,71;0,402952235;0,681657986;0,272023302;0,274991317;0,697627858
8,72;0,404349966;0,679017402;0,276694003;0,279979265;0,69793943
8,73;0,405625305;0,676084478;0,280826091;0,285166777;0,698660251
8,74;0,406770577;0,672883737;0,284330587;0,290581252;0,699864731
8,75;0,407778108;0,669439702;0,287118511;0,296250089;0,701627283
8,76;0,408353376;0,664633055;0,289735176;0,302198644;0,703599154
8,77;0,408368743;0,657888344;0,292609744;0,308387711;0,705476677
8,78;0,408066855;0,650045897;0,295479009;0,314747843;0,707401893
8,79;0,407690362;0,64194604;0,298079766;0,321209592;0,709516841
8,8;0,407481912;0,634429099;0,300148812;0,327703508;0,71196356
8,81;0,407684154;0,6283354;0,301422939;0,334160143;0,71488409
8,82;0,408334979;0,623374701;0,301787183;0,340841686;0,718510863
8,83;0,409043679;0,61729452;0,301509748;0,348442228;0,723064694
8,84;0,409772606;0,610171325;0,300671636;0,356837804;0,728422008
8,85;0,410504147;0,602200484;0,299340826;0,365866635;0,734446282
8,86;0,411220694;0,593577365;0,2975853;0,375366945;0,741000994
8,87;0,411904637;0,584497339;0,295473038;0,385176958;0,747949624
8,88;0,412538366;0,575155772;0,293072021;0,395134897;0,755155648
8,89;0,41310427;0,565748034;0,29045023;0,405078985;0,762482545
8,9;0,41358474;0,556469493;0,287675646;0,414847445;0,769793794
8,91;0,413962166;0,547515518;0,284816248;0,4242785;0,776952872
8,92;0,414218938;0,539081478;0,281940018;0,433210375;0,783823258
8,93;0,414337445;0,531362741;0,279114937;0,441481291;0,79026843
8,94;0,414300079;0,524554675;0,276408984;0,448929473;0,796151867
8,95;0,414089228;0,51885265;0,273890141;0,455393143;0,801337046
8,96;0,413687283;0,514452033;0,271626389;0,460710525;0,805687445
8,97;0,41307605;0,511542919;0,269676673;0,464725919;0,809072414
8,98;0,412202136;0,50985071;0,2674095;0,467795451;0,811847095
8,99;0,411059911;0,509070323;0,26447192;0,470236594;0,814302257
9;0,409678335;0,509119767;0,260956894;0,472095578;0,816461439
9,01;0,408086371;0,509917052;0,256957378;0,473418636;0,818348178
9,02;0,40631298;0,511380185;0,252566334;0,474251998;0,819986014
9,03;0,404387124;0,513427174;0,24787672;0,474641896;0,821398483
9,04;0,402337765;0,515976029;0,242981496;0,474634559;0,822609124
9,05;0,400193864;0,518944758;0,237973621;0,47427622;0,823641475
9,06;0,397984382;0,522251369;0,232946053;0,47361311;0,824519073
9,07;0,395738282;0,525813871;0,227991753;0,472691459;0,825265458
9,08;0,393484525;0,529550271;0,22320368;0,471557499;0,825904167
9,09;0,391252073;0,53337858;0,218674792;0,470257461;0,826458737
9,1;0,389069887;0,537216805;0,21449805;0,468837576;0,826952708
9,11;0,386966929;0,540982954;0,210766412;0,467344075;0,827409617
9,12;0,38497216;0,544595036;0,207572838;0,465823188;0,827853002
9,13;0,383114543;0,54797106;0,205010287;0,464321148;0,828306401
9,14;0,381423038;0,551029033;0,203171718;0,462884186;0,828793352
9,15;0,379926608;0,553686966;0,20215009;0,461558531;0,829337394
9,16;0,378650944;0,555924718;0,201992527;0,460355269;0,829922839
9,17;0,3775767;0,558319016;0,202284115;0,458944013;0,830170647
9,18;0,376681757;0,560997345;0,20290404;0,457245102;0,830016463
9,19;0,375950154;0,563918003;0,203852792;0,455274541;0,829506358
9,2;0,375365929;0,567039283;0,20513086;0,453048334;0,828686402
9,21;0,374913122;0,570319482;0,206738735;0,450582483;0,827602664
9,22;0,374575772;0,573716895;0,208676905;0,447892993;0,826301215
9,23;0,374337918;0,577189817;0,210945861;0,444995867;0,824828124
9,24;0,374183598;0,580696543;0,213546092;0,441907109;0,823229462
9,25;0,374096853;0,58419537;0,216478087;0,438642723;0,821551299
9,26;0,37406172;0,587644591;0,219742336;0,435218712;0,819839705
9,27;0,374062238;0,591002504;0,22333933;0,431651079;0,81814075
9,28;0,374082447;0,594227402;0,227269556;0,427955829;0,816500504
9,29;0,374106387;0,597277582;0,231533506;0,424148964;0,814965036
9,3;0,374118094;0,600111338;0,236131668;0,42024649;0,813580418
9,31;0,37410161;0,602686967;0,241064532;0,416264408;0,812392719
9,32;0,374040972;0,604962763;0,246332588;0,412218724;0,811448009
9,33;0,37392022;0,606897023;0,251936326;0,408125439;0,810792357
9,34;0,373723392;0,60844804;0,257876234;0,40400056;0,810471835
9,35;0,373434529;0,609574112;0,264152803;0,399860087;0,810532513
9,36;0,373037667;0,610233532;0,270766523;0,395720027;0,811020459
9,37;0,372516848;0,610384597;0,277717882;0,391596381;0,811981745
9,38;0,372092441;0,609822067;0,285212004;0,387450561;0,813526834
9,39;0,372934497;0,607764687;0,294254667;0,383009936;0,815954433
9,4;0,374670561;0,604624774;0,304482346;0,378335401;0,81903325
9,41;0,376666071;0,601005033;0,315302163;0,373546765;0,82245274
9,42;0,378286462;0,597508166;0,326121236;0,368763842;0,825902358
9,43;0,378897174;0,594736876;0,336346685;0,364106441;0,82907156
9,44;0,377930224;0,593224307;0,345480406;0,359663366;0,831688216
9,45;0,376375369;0,591899724;0,355119545;0,354865318;0,834357141
9,46;0,374752531;0,590241649;0,365889409;0,349528976;0,837357943
9,47;0,373039849;0,588303098;0,377600091;0,343747608;0,840649781
9,48;0,371215464;0,586137087;0,390061685;0,337614484;0,844191814
9,49;0,369257516;0,583796635;0,403084286;0,331222872;0,847943201
9,5;0,367144147;0,581334756;0,416477988;0,324666042;0,851863102
9,51;0,364853496;0,578804469;0,430052885;0,318037263;0,855910674
9,52;0,362363704;0,576258789;0,443619071;0,311429805;0,860045079
9,53;0,359652911;0,573750732;0,456986642;0,304936937;0,864225474
9,54;0,356699259;0,571333317;0,46996569;0,298651928;0,868411019
9,55;0,353480887;0,569059559;0,48236631;0,292668047;0,872560873
9,56;0,349975936;0,566982475;0,493998597;0,287078564;0,876634195
9,57;0,346162546;0,565155082;0,504672644;0,281976748;0,880590145
9,58;0,342018858;0,563630396;0,514198546;0,277455867;0,884387881
9,59;0,337523013;0,562461434;0,522386397;0,273609192;0,887986562
9,6;0,332679085;0,561643392;0,529392748;0,270317087;0,891401348
9,61;0,327572046;0,560979577;0,536368014;0,266877655;0,894818281
9,62;0,322210041;0,560430503;0,543330546;0,263319408;0,898252905
9,63;0,31659238;0,559975782;0,550175974;0,259747789;0,901701475
9,64;0,310718371;0,559595024;0,556799931;0,256268243;0,905160245
9,65;0,304587319;0,559267841;0,563098048;0,252986212;0,90862547
9,66;0,298198535;0,558973842;0,568965956;0,25000714;0,912093403
9,67;0,291551324;0,558692639;0,574299287;0,24743647;0,915560299
9,68;0,284644995;0,558403842;0,578993672;0,245379645;0,919022412
9,69;0,277478254;0,558089988;0,582963427;0,243924019;0,922476373
9,7;0,270038316;0,557800493;0,586537092;0,242753875;0,92592795
9,71;0,262322971;0,557560231;0,589854503;0,241731175;0,929381046
9,72;0,254335816;0,557369697;0,592895203;0,240872348;0,932836617
9,73;0,246080447;0,557229391;0,595638732;0,240193821;0,936295618
9,74;0,237560461;0,55713981;0,598064634;0,239712021;0,939759002
9,75;0,228779455;0,557101452;0,600152449;0,239443376;0,943227725
9,76;0,219741026;0,557114814;0,601881721;0,239404314;0,946702741
9,77;0,210448771;0,557180394;0,60323199;0,239611262;0,950185005
9,78;0,200906286;0,557298691;0,604182799;0,240080648;0,953675472
9,79;0,191117169;0,557470202;0,604713691;0,2408289;0,957175095
9,8;0,181085015;0,557695425;0,604804206;0,241872445;0,96068483
9,81;0,170813423;0,557974857;0,604433887;0,243227711;0,96420563
9,82;0,160305987;0,558308997;0,603582277;0,244911125;0,967738452
9,83;0,149566307;0,558698343;0,602228916;0,246939116;0,971284249
9,84;0,138597977;0,559143391;0,600353348;0,24932811;0,974843977
9,85;0,127406764;0,559640689;0,597931497;0,252097132;0,9784185
9,86;0,116001131;0,560176248;0,594946656;0,255258456;0,982007694
9,87;0,104378164;0,560749969;0,591415553;0,258798556;0,985610825
9,88;0,092533992;0,561363194;0,587357141;0,262702235;0,989227152
9,89;0,080464743;0,562017265;0,582790374;0,266954291;0,992855932
9,9;0,068166548;0,562713524;0,577734205;0,271539527;0,996496423
